[{"username":"sepehr","codedPassword":"302a0b01cf10493972bfaf12fecf1881a84db34700e12c2313db18f7a18c6c4a","nickname":"sepi","email":"szoli@sep.fvv","slogan":"i will lose to you all","securityQuestion":1,"answer":"sepehr","failedAttemptsToLogin":0,"highScore":0,"rank":0},{"username":"jigar","codedPassword":"89e13a94d0955aecb5abe33b2244a9b76dd2798da8f73935f66792d7fbf430c0","nickname":"<nickname>","email":"123@a.com","slogan":"this city is mine!","securityQuestion":1,"answer":"sepehr","failedAttemptsToLogin":0,"highScore":0,"rank":0},{"username":"radin","codedPassword":"fb968fd3a60b12f059808077bba1a9afeb5a4c8946479f8b76f2669c2055847c","nickname":"arman","email":"radinch1783@gmail.com","slogan":null,"securityQuestion":3,"answer":"cheraghi","failedAttemptsToLogin":0,"highScore":0,"rank":3},{"username":"nima","codedPassword":"fb968fd3a60b12f059808077bba1a9afeb5a4c8946479f8b76f2669c2055847c","nickname":"ziba","email":"h133@gmail.com","slogan":null,"securityQuestion":1,"answer":"saeed","failedAttemptsToLogin":0,"highScore":0,"rank":4},{"username":"amir","codedPassword":"2c4b9ba5b90340c141e01c467063da0b03e895e32e5ce2be2cfb28183f9b65ac","nickname":"khode mini","email":"am.m@yahoo.com","slogan":"pedaret","securityQuestion":2,"answer":"jojo","failedAttemptsToLogin":0,"highScore":0,"rank":5},{"username":"amirmz","codedPassword":"2c4b9ba5b90340c141e01c467063da0b03e895e32e5ce2be2cfb28183f9b65ac","nickname":"mini","email":"am.m8313@yahoo.com","slogan":null,"securityQuestion":2,"answer":"jojo","failedAttemptsToLogin":0,"highScore":0,"rank":6}]